rank,score,feature_jaccard,id1,cat1,id2,cat2,planted
1,0.9214,0.8571,1709.01726,physics.soc-ph,2004.09314,q-bio.PE,sir_rumor
2,0.7250,0.5000,1702.01718,math.AP,2306.13252,physics.flu-dyn,burgers_traffic
3,0.6979,0.7143,2004.01025,cs.LG,2401.00657,math.OC,
4,0.6700,0.4000,1402.3007,math-ph,1504.03074,q-fin.PR,black_scholes_heat
5,0.6700,0.4000,1709.01726,physics.soc-ph,2208.02457,q-bio.PE,
6,0.6500,0.3636,1807.11410,nlin.AO,2308.15326,physics.soc-ph,kuramoto_powergrid
7,0.6250,0.5000,1403.3103,math.AP,2402.13378,econ.TH,optimal_transport_econ
8,0.6150,0.3000,1506.01137,q-bio.PE,2401.09955,q-fin.PR,
9,0.6150,0.3000,1807.11410,nlin.AO,2202.04557,cs.NE,
10,0.6150,0.3000,2004.01025,cs.LG,2208.02457,q-bio.PE,
11,0.6150,0.3000,2401.00671,math.PR,2401.00822,cond-mat.stat-mech,
12,0.6000,0.2727,1406.2405,q-bio.PE,2401.00671,math.PR,
13,0.5875,0.2500,1712.01032,physics.class-ph,2401.00670,eess.SY,
14,0.5875,0.2500,2401.01171,physics.soc-ph,2401.01632,q-bio.PE,
15,0.5812,0.3750,1607.07287,cond-mat.stat-mech,2401.00664,math.OC,
16,0.5800,0.5000,1008.3331,cond-mat.stat-mech,2401.09955,q-fin.PR,
17,0.5722,0.2222,2004.01025,cs.LG,2401.00670,eess.SY,
18,0.5722,0.2222,2004.09314,q-bio.PE,2401.00670,eess.SY,
19,0.5700,0.3000,1612.08949,physics.soc-ph,2208.02457,q-bio.PE,
20,0.5657,0.4286,2401.00661,eess.SY,2401.00839,econ.TH,
21,0.5621,0.2857,2401.00671,math.PR,2401.01171,physics.soc-ph,
22,0.5600,0.2000,1709.01726,physics.soc-ph,2401.00670,eess.SY,
23,0.5600,0.2000,2004.01025,cs.LG,2004.09314,q-bio.PE,
24,0.5600,0.2000,2208.02457,q-bio.PE,2401.00670,eess.SY,
25,0.5583,0.3333,2012.11533,eess.SY,2401.00940,econ.TH,
26,0.5563,0.3750,1612.08949,physics.soc-ph,2401.00661,eess.SY,
27,0.5500,0.1818,1008.3331,cond-mat.stat-mech,2401.00671,math.PR,
28,0.5500,0.1818,1709.01726,physics.soc-ph,2004.01025,cs.LG,
29,0.5425,0.2500,2401.00822,cond-mat.stat-mech,2401.01171,physics.soc-ph,
30,0.5363,0.3750,1607.07287,cond-mat.stat-mech,2401.00839,econ.TH,
31,0.5333,0.3333,2401.01171,physics.soc-ph,2401.09955,q-fin.PR,
32,0.5188,0.6250,2401.00651,cs.SI,2401.00940,econ.TH,
33,0.5169,0.2308,2311.15996,cs.LG,2505.15526,q-fin.GN,
34,0.5150,0.2000,1612.08949,physics.soc-ph,2004.01025,cs.LG,
35,0.5150,0.2000,1612.08949,physics.soc-ph,2004.09314,q-bio.PE,
36,0.5133,0.3333,2401.00671,math.PR,2401.03776,q-fin.PR,
37,0.5125,0.2500,2401.00661,eess.SY,2401.00664,math.OC,
38,0.5125,0.2500,2401.00664,math.OC,2401.00839,econ.TH,
39,0.5112,0.3750,2004.01025,cs.LG,2401.00661,eess.SY,
40,0.5112,0.3750,2401.00671,math.PR,2401.09955,q-fin.PR,
41,0.5071,0.2857,1402.3007,math-ph,1702.01718,math.AP,
42,0.5071,0.2857,2401.01171,physics.soc-ph,2401.01850,nlin.AO,
43,0.5050,0.1818,2401.00671,math.PR,2401.01632,q-bio.PE,
44,0.5000,0.0909,1712.01032,physics.class-ph,2208.02457,q-bio.PE,
45,0.4893,0.5714,2012.11533,eess.SY,2401.00657,math.OC,
46,0.4893,0.0714,1008.3331,cond-mat.stat-mech,1406.2405,q-bio.PE,
47,0.4893,0.0714,1406.2405,q-bio.PE,2401.00822,cond-mat.stat-mech,
48,0.4875,0.2500,1008.3331,cond-mat.stat-mech,2311.15996,cs.LG,fokker_planck_diffusion_models
49,0.4875,0.2500,1504.03074,q-fin.PR,1702.01718,math.AP,
50,0.4875,0.2500,1504.03074,q-fin.PR,2306.13252,physics.flu-dyn,
51,0.4875,0.2500,2012.11533,eess.SY,2402.13378,econ.TH,
52,0.4867,0.0667,2202.04557,cs.NE,2308.15326,physics.soc-ph,
53,0.4800,0.2727,2401.00948,cond-mat.stat-mech,2401.01397,physics.soc-ph,
54,0.4733,0.3333,1008.3331,cond-mat.stat-mech,1712.01032,physics.class-ph,
55,0.4733,0.3333,1008.3331,cond-mat.stat-mech,2401.00670,eess.SY,
56,0.4722,0.2222,1506.01137,q-bio.PE,2401.01171,physics.soc-ph,
57,0.4722,0.2222,2401.00651,cs.SI,2401.00664,math.OC,
58,0.4722,0.2222,2401.01850,nlin.AO,2401.09955,q-fin.PR,
59,0.4675,0.2500,2008.00245,cond-mat.stat-mech,2401.01397,physics.soc-ph,
60,0.4667,0.1667,2401.00664,math.OC,2401.03776,q-fin.PR,
61,0.4661,0.1111,1008.3331,cond-mat.stat-mech,2401.01171,physics.soc-ph,
62,0.4600,0.1000,1406.2405,q-bio.PE,2401.01171,physics.soc-ph,
63,0.4600,0.2000,1612.08949,physics.soc-ph,2401.00657,math.OC,
64,0.4600,0.1000,1612.08949,physics.soc-ph,2401.00670,eess.SY,
65,0.4600,0.2000,2401.01632,q-bio.PE,2401.09955,q-fin.PR,
66,0.4583,0.3333,1402.1384,cs.IT,1607.07287,cond-mat.stat-mech,maxent_inference
67,0.4583,0.3333,1607.07287,cond-mat.stat-mech,2401.00651,cs.SI,
68,0.4563,0.3750,2401.00657,math.OC,2401.00661,eess.SY,
69,0.4550,0.2727,1008.3331,cond-mat.stat-mech,2401.01397,physics.soc-ph,
70,0.4550,0.2727,1506.01137,q-bio.PE,2401.00671,math.PR,
71,0.4550,0.3000,1807.11410,nlin.AO,2208.02457,q-bio.PE,
72,0.4522,0.2222,1607.07287,cond-mat.stat-mech,2401.00661,eess.SY,
73,0.4500,0.0000,1607.07287,cond-mat.stat-mech,2401.03776,q-fin.PR,
74,0.4500,0.4000,1709.01726,physics.soc-ph,2401.01632,q-bio.PE,
75,0.4500,0.0000,1712.01032,physics.class-ph,2004.01025,cs.LG,
76,0.4500,0.0000,1712.01032,physics.class-ph,2004.09314,q-bio.PE,
77,0.4473,0.0769,1008.3331,cond-mat.stat-mech,2401.01632,q-bio.PE,
78,0.4473,0.0769,2401.00822,cond-mat.stat-mech,2401.01632,q-bio.PE,
79,0.4443,0.5714,2004.01025,cs.LG,2012.11533,eess.SY,
80,0.4425,0.2500,1008.3331,cond-mat.stat-mech,1506.01137,q-bio.PE,
81,0.4422,0.2222,1402.1384,cs.IT,2401.00664,math.OC,
82,0.4417,0.1667,1506.01137,q-bio.PE,2401.01850,nlin.AO,
83,0.4417,0.1667,2311.15996,cs.LG,2401.00671,math.PR,
84,0.4400,0.2000,1008.3331,cond-mat.stat-mech,2401.00661,eess.SY,
85,0.4400,0.2000,1402.1384,cs.IT,1612.08949,physics.soc-ph,
86,0.4400,0.2727,2202.04557,cs.NE,2208.02457,q-bio.PE,
87,0.4400,0.2727,2401.00671,math.PR,2505.15526,q-fin.GN,
88,0.4363,0.3750,1612.08949,physics.soc-ph,2401.00839,econ.TH,
89,0.4363,0.3750,1807.11410,nlin.AO,2012.11533,eess.SY,
90,0.4363,0.3750,2004.01025,cs.LG,2401.00664,math.OC,
91,0.4333,0.3333,2401.00640,math.PR,2401.03776,q-fin.PR,
92,0.4333,0.3333,2401.01397,physics.soc-ph,2401.09955,q-fin.PR,
93,0.4321,0.2857,1607.07287,cond-mat.stat-mech,2401.00622,cs.LG,
94,0.4300,0.1818,1402.1384,cs.IT,2208.02457,q-bio.PE,
95,0.4300,0.1818,1406.2405,q-bio.PE,2401.00661,eess.SY,
96,0.4300,0.1818,1607.07287,cond-mat.stat-mech,2401.01632,q-bio.PE,
97,0.4286,0.1429,2401.00622,cs.LG,2401.00664,math.OC,
98,0.4272,0.2222,2004.09314,q-bio.PE,2401.00661,eess.SY,
99,0.4272,0.2222,2401.00657,math.OC,2401.00670,eess.SY,
100,0.4217,0.1667,1406.2405,q-bio.PE,1607.07287,cond-mat.stat-mech,
101,0.4187,0.1250,1402.1384,cs.IT,2401.00621,math.AP,
102,0.4187,0.1250,1402.3007,math-ph,2306.13252,physics.flu-dyn,
103,0.4169,0.2308,1406.2405,q-bio.PE,2505.15526,q-fin.GN,
104,0.4150,0.2000,1709.01726,physics.soc-ph,2401.00661,eess.SY,
105,0.4150,0.2000,2004.09314,q-bio.PE,2401.00657,math.OC,
106,0.4150,0.2000,2208.02457,q-bio.PE,2401.00661,eess.SY,
107,0.4150,0.2000,2401.00671,math.PR,2401.01850,nlin.AO,
108,0.4150,0.3000,2401.01397,physics.soc-ph,2401.01850,nlin.AO,
109,0.4133,0.3333,1612.08949,physics.soc-ph,1807.11410,nlin.AO,
110,0.4133,0.3333,2401.00688,cs.SI,2401.01632,q-bio.PE,
111,0.4111,0.1111,2008.00245,cond-mat.stat-mech,2401.00640,math.PR,
112,0.4111,0.1111,2008.00245,cond-mat.stat-mech,2401.03776,q-fin.PR,
113,0.4086,0.1429,1712.01032,physics.class-ph,2401.00625,cs.LG,
114,0.4086,0.1429,2401.00622,cs.LG,2401.00670,eess.SY,
115,0.4086,0.1429,2401.00625,cs.LG,2401.00670,eess.SY,
116,0.4071,0.2857,1403.3103,math.AP,2012.11533,eess.SY,
117,0.4050,0.1000,1402.1384,cs.IT,2401.00623,math.AP,
118,0.4050,0.1818,1406.2405,q-bio.PE,2401.09955,q-fin.PR,
119,0.4050,0.1000,1607.07287,cond-mat.stat-mech,2401.00688,cs.SI,
120,0.4050,0.1818,1709.01726,physics.soc-ph,2401.00657,math.OC,
121,0.4050,0.1818,2208.02457,q-bio.PE,2401.00657,math.OC,
122,0.4050,0.5000,2208.02457,q-bio.PE,2505.15526,q-fin.GN,lotka_volterra_econ
123,0.4050,0.1818,2401.00671,math.PR,2401.01397,physics.soc-ph,
124,0.4000,0.2000,1807.11410,nlin.AO,2004.01025,cs.LG,
125,0.4000,0.2000,1807.11410,nlin.AO,2004.09314,q-bio.PE,
126,0.4000,0.0909,2401.00688,cs.SI,2401.00948,cond-mat.stat-mech,
127,0.3988,0.1250,1612.08949,physics.soc-ph,2401.00625,cs.LG,
128,0.3988,0.1250,2004.09314,q-bio.PE,2401.00622,cs.LG,
129,0.3988,0.1250,2004.09314,q-bio.PE,2401.00625,cs.LG,
130,0.3988,0.1250,2401.00822,cond-mat.stat-mech,2401.03776,q-fin.PR,
131,0.3986,0.1429,2401.00621,math.AP,2402.13378,econ.TH,
132,0.3986,0.1429,2401.00622,cs.LG,2401.00623,math.AP,
133,0.3972,0.2222,2004.01025,cs.LG,2401.00839,econ.TH,
134,0.3972,0.2222,2401.00651,cs.SI,2401.00661,eess.SY,
135,0.3972,0.2222,2401.00651,cs.SI,2401.00839,econ.TH,
136,0.3967,0.1667,1406.2405,q-bio.PE,2401.01850,nlin.AO,
137,0.3958,0.0833,2008.00245,cond-mat.stat-mech,2401.00688,cs.SI,
138,0.3958,0.0833,2401.01632,q-bio.PE,2401.01850,nlin.AO,
139,0.3950,0.3000,1612.08949,physics.soc-ph,2202.04557,cs.NE,
140,0.3950,0.3000,2401.00651,cs.SI,2401.01632,q-bio.PE,
141,0.3923,0.0769,1702.01718,math.AP,2505.15526,q-fin.GN,
142,0.3923,0.0769,2306.13252,physics.flu-dyn,2505.15526,q-fin.GN,
143,0.3923,0.0769,2401.01397,physics.soc-ph,2401.01632,q-bio.PE,
144,0.3911,0.1111,1406.2405,q-bio.PE,2401.03776,q-fin.PR,
145,0.3911,0.1111,1709.01726,physics.soc-ph,2401.00622,cs.LG,
146,0.3911,0.1111,1709.01726,physics.soc-ph,2401.00625,cs.LG,
147,0.3911,0.1111,2208.02457,q-bio.PE,2401.00622,cs.LG,
148,0.3911,0.1111,2208.02457,q-bio.PE,2401.00625,cs.LG,
149,0.3900,0.1818,1709.01726,physics.soc-ph,1807.11410,nlin.AO,
150,0.3900,0.1818,2004.01025,cs.LG,2401.00822,cond-mat.stat-mech,
151,0.3900,0.1818,2004.09314,q-bio.PE,2202.04557,cs.NE,
152,0.3896,0.1538,1406.2405,q-bio.PE,2401.01397,physics.soc-ph,
153,0.3893,0.0714,2311.15996,cs.LG,2401.00822,cond-mat.stat-mech,
154,0.3875,0.2500,1506.01137,q-bio.PE,2401.01397,physics.soc-ph,
155,0.3871,0.2857,2004.01025,cs.LG,2401.00621,math.AP,
156,0.3867,0.0667,1406.2405,q-bio.PE,2311.15996,cs.LG,
157,0.3857,0.4286,2012.11533,eess.SY,2401.00664,math.OC,
158,0.3850,0.1000,2401.00661,eess.SY,2401.00671,math.PR,
159,0.3850,0.1000,2401.00671,math.PR,2401.00839,econ.TH,
160,0.3817,0.1667,1406.2405,q-bio.PE,2004.01025,cs.LG,replicator_mirror_descent
161,0.3817,0.1667,1702.01718,math.AP,2311.15996,cs.LG,
162,0.3817,0.1667,1709.01726,physics.soc-ph,2202.04557,cs.NE,
163,0.3817,0.1667,2306.13252,physics.flu-dyn,2311.15996,cs.LG,
164,0.3817,0.1667,2308.15326,physics.soc-ph,2401.00670,eess.SY,
165,0.3811,0.1111,2401.00623,math.AP,2402.13378,econ.TH,
166,0.3800,0.0909,1008.3331,cond-mat.stat-mech,2401.00839,econ.TH,
167,0.3800,0.0909,1402.1384,cs.IT,2004.09314,q-bio.PE,
168,0.3800,0.0909,2401.00661,eess.SY,2401.01632,q-bio.PE,
169,0.3800,0.0909,2401.00664,math.OC,2401.01632,q-bio.PE,
170,0.3800,0.0909,2401.00822,cond-mat.stat-mech,2401.00839,econ.TH,
171,0.3800,0.0909,2401.00839,econ.TH,2401.01632,q-bio.PE,
172,0.3758,0.0833,1402.1384,cs.IT,1709.01726,physics.soc-ph,
173,0.3758,0.0833,1406.2405,q-bio.PE,2401.00664,math.OC,
174,0.3758,0.0833,1406.2405,q-bio.PE,2401.00839,econ.TH,
175,0.3750,0.0000,1612.08949,physics.soc-ph,2401.00622,cs.LG,
176,0.3746,0.1538,1008.3331,cond-mat.stat-mech,2505.15526,q-fin.GN,
177,0.3746,0.1538,1406.2405,q-bio.PE,1709.01726,physics.soc-ph,
178,0.3746,0.1538,2401.00822,cond-mat.stat-mech,2505.15526,q-fin.GN,
179,0.3733,0.3333,1504.03074,q-fin.PR,2311.15996,cs.LG,
180,0.3722,0.2222,1402.3007,math-ph,2505.15526,q-fin.GN,
181,0.3722,0.2222,2012.11533,eess.SY,2401.00651,cs.SI,
182,0.3700,0.3000,2311.15996,cs.LG,2401.09955,q-fin.PR,
183,0.3675,0.2500,2401.00622,cs.LG,2401.01632,q-bio.PE,
184,0.3675,0.2500,2401.00623,math.AP,2401.00670,eess.SY,
185,0.3675,0.2500,2401.00625,cs.LG,2401.01632,q-bio.PE,
186,0.3675,0.2500,2401.01632,q-bio.PE,2505.15526,q-fin.GN,
187,0.3661,0.1111,1712.01032,physics.class-ph,2401.00661,eess.SY,
188,0.3657,0.4286,2401.00625,cs.LG,2401.00940,econ.TH,
189,0.3600,0.1000,2311.15996,cs.LG,2401.01171,physics.soc-ph,
190,0.3550,0.0909,2401.00822,cond-mat.stat-mech,2401.09955,q-fin.PR,
191,0.3522,0.2222,1402.1384,cs.IT,2401.00839,econ.TH,
192,0.3522,0.2222,1807.11410,nlin.AO,2401.00688,cs.SI,
193,0.3522,0.2222,2004.01025,cs.LG,2401.00623,math.AP,
194,0.3522,0.2222,2008.00245,cond-mat.stat-mech,2401.01171,physics.soc-ph,
195,0.3522,0.2222,2306.13252,physics.flu-dyn,2401.00670,eess.SY,
196,0.3508,0.0833,1008.3331,cond-mat.stat-mech,2401.01850,nlin.AO,
197,0.3508,0.0833,2401.00822,cond-mat.stat-mech,2401.01850,nlin.AO,
198,0.3500,0.4000,2008.00245,cond-mat.stat-mech,2401.01850,nlin.AO,
199,0.3500,0.0000,2401.00625,cs.LG,2401.00743,q-bio.PE,
200,0.3500,0.0000,2401.00640,math.PR,2401.00948,cond-mat.stat-mech,
201,0.3500,0.0000,2401.00688,cs.SI,2401.03776,q-fin.PR,
202,0.3500,0.0000,2401.00948,cond-mat.stat-mech,2401.03776,q-fin.PR,
203,0.3473,0.0769,2401.00822,cond-mat.stat-mech,2401.01397,physics.soc-ph,
204,0.3450,0.1000,1712.01032,physics.class-ph,1807.11410,nlin.AO,
205,0.3450,0.1000,1807.11410,nlin.AO,2401.00670,eess.SY,
206,0.3450,0.1000,2401.00670,eess.SY,2401.00671,math.PR,
207,0.3443,0.0714,1506.01137,q-bio.PE,2401.00822,cond-mat.stat-mech,
208,0.3443,0.0714,2311.15996,cs.LG,2401.01397,physics.soc-ph,
209,0.3443,0.0714,2311.15996,cs.LG,2401.01632,q-bio.PE,
210,0.3400,0.2000,1402.3007,math-ph,2401.00621,math.AP,
211,0.3400,0.2000,1403.3103,math.AP,2401.00743,q-bio.PE,
212,0.3400,0.2000,1607.07287,cond-mat.stat-mech,2004.01025,cs.LG,
213,0.3400,0.2000,1612.08949,physics.soc-ph,2401.00671,math.PR,
214,0.3400,0.2000,1702.01718,math.AP,2004.09314,q-bio.PE,
215,0.3400,0.0909,1712.01032,physics.class-ph,2202.04557,cs.NE,
216,0.3400,0.2000,1807.11410,nlin.AO,2401.00651,cs.SI,
217,0.3400,0.0909,2004.01025,cs.LG,2401.00671,math.PR,
218,0.3400,0.0909,2004.09314,q-bio.PE,2401.00671,math.PR,
219,0.3400,0.2000,2012.11533,eess.SY,2202.04557,cs.NE,
220,0.3400,0.0909,2202.04557,cs.NE,2401.00670,eess.SY,
221,0.3400,0.2000,2208.02457,q-bio.PE,2401.00623,math.AP,
222,0.3400,0.2000,2401.00688,cs.SI,2401.00822,cond-mat.stat-mech,
223,0.3400,0.2000,2401.00688,cs.SI,2401.01397,physics.soc-ph,
224,0.3361,0.1111,1712.01032,physics.class-ph,2401.00839,econ.TH,
225,0.3361,0.1111,2401.00670,eess.SY,2401.00839,econ.TH,
226,0.3358,0.0833,1008.3331,cond-mat.stat-mech,2004.01025,cs.LG,
227,0.3358,0.0833,1008.3331,cond-mat.stat-mech,2004.09314,q-bio.PE,
228,0.3358,0.0833,1406.2405,q-bio.PE,2401.00670,eess.SY,
229,0.3358,0.0833,1709.01726,physics.soc-ph,2401.00671,math.PR,
230,0.3358,0.0833,2208.02457,q-bio.PE,2401.00671,math.PR,
231,0.3323,0.0769,1008.3331,cond-mat.stat-mech,1709.01726,physics.soc-ph,
232,0.3323,0.0769,1008.3331,cond-mat.stat-mech,2208.02457,q-bio.PE,
233,0.3323,0.0769,1709.01726,physics.soc-ph,2401.00822,cond-mat.stat-mech,
234,0.3323,0.0769,2208.02457,q-bio.PE,2401.00822,cond-mat.stat-mech,
235,0.3300,0.1818,1008.3331,cond-mat.stat-mech,1612.08949,physics.soc-ph,
236,0.3300,0.0000,1008.3331,cond-mat.stat-mech,2401.00664,math.OC,
237,0.3300,0.0000,1008.3331,cond-mat.stat-mech,2401.03776,q-fin.PR,
238,0.3300,0.0000,1402.1384,cs.IT,1712.01032,physics.class-ph,
239,0.3300,0.0000,1402.1384,cs.IT,2401.00670,eess.SY,
240,0.3300,0.1818,1402.1384,cs.IT,2401.00822,cond-mat.stat-mech,
241,0.3300,0.0000,1402.3007,math-ph,1403.3103,math.AP,
242,0.3300,0.0000,1403.3103,math.AP,1504.03074,q-fin.PR,
243,0.3300,0.1818,1506.01137,q-bio.PE,2401.00661,eess.SY,
244,0.3300,0.0000,1607.07287,cond-mat.stat-mech,2401.00671,math.PR,
245,0.3300,0.0000,1607.07287,cond-mat.stat-mech,2401.01171,physics.soc-ph,
246,0.3300,0.1000,1612.08949,physics.soc-ph,2401.00664,math.OC,
247,0.3300,0.1818,1612.08949,physics.soc-ph,2401.00822,cond-mat.stat-mech,
248,0.3300,0.1818,1702.01718,math.AP,1709.01726,physics.soc-ph,
249,0.3300,0.1818,1702.01718,math.AP,2208.02457,q-bio.PE,
250,0.3300,0.0000,1712.01032,physics.class-ph,2401.00622,cs.LG,
251,0.3300,0.1818,1807.11410,nlin.AO,2401.00940,econ.TH,
252,0.3300,0.1000,2004.09314,q-bio.PE,2401.00839,econ.TH,
253,0.3300,0.0000,2306.13252,physics.flu-dyn,2401.00621,math.AP,
254,0.3300,0.0000,2306.13252,physics.flu-dyn,2401.00623,math.AP,
255,0.3300,0.1818,2401.00623,math.AP,2505.15526,q-fin.GN,
256,0.3300,0.0000,2401.00657,math.OC,2401.00743,q-bio.PE,
257,0.3300,0.0000,2401.00661,eess.SY,2401.00822,cond-mat.stat-mech,
258,0.3300,0.0000,2401.00661,eess.SY,2401.01171,physics.soc-ph,
259,0.3300,0.0000,2401.00661,eess.SY,2401.03776,q-fin.PR,
260,0.3300,0.1818,2401.00661,eess.SY,2505.15526,q-fin.GN,
261,0.3300,0.0000,2401.00664,math.OC,2401.00822,cond-mat.stat-mech,
262,0.3300,0.0000,2401.00664,math.OC,2401.01171,physics.soc-ph,
263,0.3300,0.1818,2401.00688,cs.SI,2505.15526,q-fin.GN,
264,0.3300,0.0000,2401.00839,econ.TH,2401.01171,physics.soc-ph,
265,0.3300,0.0000,2401.00839,econ.TH,2401.03776,q-fin.PR,
266,0.3300,0.0000,2401.01171,physics.soc-ph,2401.03776,q-fin.PR,
267,0.3300,0.0000,2401.01632,q-bio.PE,2401.03776,q-fin.PR,
268,0.3286,0.1429,2401.00622,cs.LG,2402.13378,econ.TH,
269,0.3267,0.0667,2208.02457,q-bio.PE,2308.15326,physics.soc-ph,
270,0.3250,0.0909,1709.01726,physics.soc-ph,2401.00839,econ.TH,
271,0.3250,0.0909,2208.02457,q-bio.PE,2401.00839,econ.TH,
272,0.3217,0.1667,1406.2405,q-bio.PE,1612.08949,physics.soc-ph,
273,0.3217,0.1667,1406.2405,q-bio.PE,2401.00651,cs.SI,
274,0.3217,0.1667,1504.03074,q-fin.PR,2401.00621,math.AP,
275,0.3217,0.1667,2008.00245,cond-mat.stat-mech,2401.00671,math.PR,
276,0.3217,0.1667,2202.04557,cs.NE,2401.00940,econ.TH,
277,0.3217,0.1667,2308.15326,physics.soc-ph,2401.00688,cs.SI,
278,0.3217,0.1667,2401.00651,cs.SI,2505.15526,q-fin.GN,
279,0.3208,0.0833,2008.00245,cond-mat.stat-mech,2401.00664,math.OC,
280,0.3208,0.0833,2401.00651,cs.SI,2401.00948,cond-mat.stat-mech,
281,0.3200,0.0000,2401.00621,math.AP,2401.00622,cs.LG,
282,0.3133,0.3333,2202.04557,cs.NE,2401.00661,eess.SY,
283,0.3133,0.3333,2401.00688,cs.SI,2401.00940,econ.TH,
284,0.3125,0.2500,2401.00622,cs.LG,2401.00940,econ.TH,
285,0.3122,0.2222,1402.3007,math-ph,2311.15996,cs.LG,
286,0.3100,0.0909,1702.01718,math.AP,1807.11410,nlin.AO,
287,0.3100,0.0909,1807.11410,nlin.AO,2306.13252,physics.flu-dyn,
288,0.3100,0.2727,1807.11410,nlin.AO,2505.15526,q-fin.GN,
289,0.3086,0.1429,1402.3007,math-ph,2401.00623,math.AP,
290,0.3086,0.1429,2401.00621,math.AP,2401.00670,eess.SY,
291,0.3086,0.1429,2401.00623,math.AP,2401.00625,cs.LG,
292,0.3086,0.1429,2401.00625,cs.LG,2401.00661,eess.SY,
293,0.3086,0.1429,2401.00625,cs.LG,2401.00839,econ.TH,
294,0.3086,0.1429,2401.00688,cs.SI,2401.01171,physics.soc-ph,
295,0.3058,0.0833,1702.01718,math.AP,2202.04557,cs.NE,
296,0.3058,0.0833,2202.04557,cs.NE,2306.13252,physics.flu-dyn,
297,0.3050,0.0000,1712.01032,physics.class-ph,2401.00657,math.OC,
298,0.3000,0.2000,2306.13252,physics.flu-dyn,2401.00671,math.PR,
299,0.2988,0.1250,1402.3007,math-ph,2401.00657,math.OC,
300,0.2988,0.1250,1504.03074,q-fin.PR,2401.00623,math.AP,
301,0.2988,0.1250,1607.07287,cond-mat.stat-mech,2401.00625,cs.LG,
302,0.2988,0.1250,1709.01726,physics.soc-ph,2401.00743,q-bio.PE,
303,0.2986,0.1429,2012.11533,eess.SY,2401.00621,math.AP,
304,0.2972,0.2222,1612.08949,physics.soc-ph,2012.11533,eess.SY,
305,0.2972,0.2222,2401.00657,math.OC,2402.13378,econ.TH,
306,0.2950,0.3000,1807.11410,nlin.AO,2401.01397,physics.soc-ph,
307,0.2950,0.3000,2202.04557,cs.NE,2401.00657,math.OC,
308,0.2911,0.1111,1008.3331,cond-mat.stat-mech,2401.00625,cs.LG,
309,0.2911,0.1111,1504.03074,q-fin.PR,2401.00657,math.OC,
310,0.2911,0.1111,2202.04557,cs.NE,2401.00621,math.AP,
311,0.2911,0.1111,2208.02457,q-bio.PE,2401.00621,math.AP,
312,0.2911,0.1111,2401.00661,eess.SY,2401.09955,q-fin.PR,
313,0.2911,0.1111,2401.00664,math.OC,2401.00670,eess.SY,
314,0.2911,0.1111,2401.00948,cond-mat.stat-mech,2401.01171,physics.soc-ph,
315,0.2900,0.1818,1008.3331,cond-mat.stat-mech,1702.01718,math.AP,
316,0.2900,0.1818,1008.3331,cond-mat.stat-mech,2306.13252,physics.flu-dyn,
317,0.2900,0.0000,1406.2405,q-bio.PE,1712.01032,physics.class-ph,
318,0.2900,0.0000,1712.01032,physics.class-ph,2401.00671,math.PR,
319,0.2900,0.0000,1712.01032,physics.class-ph,2401.00822,cond-mat.stat-mech,
320,0.2900,0.0000,2004.01025,cs.LG,2308.15326,physics.soc-ph,
321,0.2900,0.0000,2004.09314,q-bio.PE,2308.15326,physics.soc-ph,
322,0.2900,0.0000,2004.09314,q-bio.PE,2401.00822,cond-mat.stat-mech,
323,0.2900,0.0000,2401.00670,eess.SY,2401.00822,cond-mat.stat-mech,
324,0.2875,0.2500,2401.00664,math.OC,2402.13378,econ.TH,
325,0.2850,0.1000,1402.1384,cs.IT,2401.00661,eess.SY,
326,0.2850,0.1000,1406.2405,q-bio.PE,2401.00622,cs.LG,
327,0.2850,0.1000,1406.2405,q-bio.PE,2401.00625,cs.LG,
328,0.2850,0.1000,1607.07287,cond-mat.stat-mech,2401.00670,eess.SY,
329,0.2850,0.2000,1612.08949,physics.soc-ph,2401.00651,cs.SI,
330,0.2850,0.1000,1702.01718,math.AP,2401.00670,eess.SY,
331,0.2850,0.1000,2004.09314,q-bio.PE,2401.00623,math.AP,
332,0.2850,0.1000,2004.09314,q-bio.PE,2401.00664,math.OC,
333,0.2850,0.1000,2311.15996,cs.LG,2401.00621,math.AP,
334,0.2850,0.1000,2401.00621,math.AP,2505.15526,q-fin.GN,
335,0.2850,0.1000,2401.00661,eess.SY,2401.01850,nlin.AO,
336,0.2850,0.2000,2401.00670,eess.SY,2401.00940,econ.TH,
337,0.2850,0.1000,2401.00671,math.PR,2401.00688,cs.SI,
338,0.2850,0.1000,2401.00839,econ.TH,2401.01850,nlin.AO,
339,0.2850,0.1000,2401.01171,physics.soc-ph,2505.15526,q-fin.GN,
340,0.2836,0.1429,1506.01137,q-bio.PE,2311.15996,cs.LG,
341,0.2811,0.1111,2012.11533,eess.SY,2401.00623,math.AP,
342,0.2800,0.0909,1008.3331,cond-mat.stat-mech,2401.00688,cs.SI,
343,0.2800,0.0909,1402.1384,cs.IT,1807.11410,nlin.AO,
344,0.2800,0.0909,1402.1384,cs.IT,2401.00657,math.OC,
345,0.2800,0.0909,1402.1384,cs.IT,2401.00671,math.PR,
346,0.2800,0.2727,1406.2405,q-bio.PE,2401.00657,math.OC,
347,0.2800,0.2727,1506.01137,q-bio.PE,2401.00657,math.OC,
348,0.2800,0.0909,1607.07287,cond-mat.stat-mech,1612.08949,physics.soc-ph,
349,0.2800,0.0909,1607.07287,cond-mat.stat-mech,2004.09314,q-bio.PE,
350,0.2800,0.0909,1607.07287,cond-mat.stat-mech,2401.01850,nlin.AO,
351,0.2800,0.0909,1612.08949,physics.soc-ph,1702.01718,math.AP,
352,0.2800,0.2727,1612.08949,physics.soc-ph,2505.15526,q-fin.GN,
353,0.2800,0.0909,1702.01718,math.AP,2004.01025,cs.LG,
354,0.2800,0.0909,1709.01726,physics.soc-ph,2401.00623,math.AP,
355,0.2800,0.0909,1709.01726,physics.soc-ph,2401.00664,math.OC,
356,0.2800,0.0909,2004.01025,cs.LG,2306.13252,physics.flu-dyn,
357,0.2800,0.0909,2004.09314,q-bio.PE,2306.13252,physics.flu-dyn,
358,0.2800,0.2727,2004.09314,q-bio.PE,2505.15526,q-fin.GN,
359,0.2800,0.0909,2202.04557,cs.NE,2401.00623,math.AP,
360,0.2800,0.2727,2202.04557,cs.NE,2401.00822,cond-mat.stat-mech,
361,0.2800,0.2727,2202.04557,cs.NE,2401.00948,cond-mat.stat-mech,
362,0.2800,0.0909,2208.02457,q-bio.PE,2401.00664,math.OC,
363,0.2800,0.0909,2401.00657,math.OC,2401.01850,nlin.AO,
364,0.2800,0.0909,2401.00661,eess.SY,2401.00948,cond-mat.stat-mech,
365,0.2800,0.0909,2401.00661,eess.SY,2401.01397,physics.soc-ph,
366,0.2800,0.0909,2401.00670,eess.SY,2401.01632,q-bio.PE,
367,0.2800,0.0909,2401.00839,econ.TH,2401.00948,cond-mat.stat-mech,
368,0.2758,0.0833,1008.3331,cond-mat.stat-mech,2401.00651,cs.SI,
369,0.2758,0.0833,1402.1384,cs.IT,2401.01632,q-bio.PE,
370,0.2758,0.0833,1406.2405,q-bio.PE,2401.00688,cs.SI,
371,0.2758,0.0833,1506.01137,q-bio.PE,2401.00664,math.OC,
372,0.2758,0.0833,1506.01137,q-bio.PE,2401.00839,econ.TH,
373,0.2758,0.0833,1607.07287,cond-mat.stat-mech,1709.01726,physics.soc-ph,
374,0.2758,0.0833,1607.07287,cond-mat.stat-mech,2208.02457,q-bio.PE,
375,0.2758,0.0833,1612.08949,physics.soc-ph,2401.01632,q-bio.PE,
376,0.2758,0.0833,2004.01025,cs.LG,2401.01632,q-bio.PE,
377,0.2758,0.0833,2208.02457,q-bio.PE,2306.13252,physics.flu-dyn,
378,0.2758,0.0833,2311.15996,cs.LG,2401.00623,math.AP,
379,0.2758,0.0833,2311.15996,cs.LG,2401.00661,eess.SY,
380,0.2758,0.0833,2311.15996,cs.LG,2401.00664,math.OC,
381,0.2758,0.0833,2401.00651,cs.SI,2401.01397,physics.soc-ph,
382,0.2758,0.0833,2401.00664,math.OC,2505.15526,q-fin.GN,
383,0.2758,0.0833,2401.00839,econ.TH,2505.15526,q-fin.GN,
384,0.2750,0.1000,1402.1384,cs.IT,2012.11533,eess.SY,
385,0.2750,0.1818,1402.1384,cs.IT,2401.00948,cond-mat.stat-mech,
386,0.2750,0.0000,1402.1384,cs.IT,2401.03776,q-fin.PR,
387,0.2750,0.1818,2004.01025,cs.LG,2401.00940,econ.TH,
388,0.2750,0.1818,2004.09314,q-bio.PE,2401.00940,econ.TH,
389,0.2750,0.0000,2008.00245,cond-mat.stat-mech,2401.00651,cs.SI,
390,0.2750,0.0000,2401.00622,cs.LG,2401.00657,math.OC,
391,0.2750,0.0000,2401.00622,cs.LG,2401.00661,eess.SY,
392,0.2750,0.0000,2401.00622,cs.LG,2401.00839,econ.TH,
393,0.2750,0.0000,2401.00622,cs.LG,2401.03776,q-fin.PR,
394,0.2750,0.1000,2401.00623,math.AP,2401.00651,cs.SI,
395,0.2750,0.0000,2401.00651,cs.SI,2401.03776,q-fin.PR,
396,0.2750,0.0000,2401.00664,math.OC,2401.00688,cs.SI,
397,0.2750,0.0000,2401.00664,math.OC,2401.00948,cond-mat.stat-mech,
398,0.2723,0.0769,1402.1384,cs.IT,1406.2405,q-bio.PE,
399,0.2723,0.0769,1506.01137,q-bio.PE,1607.07287,cond-mat.stat-mech,
400,0.2723,0.0769,1607.07287,cond-mat.stat-mech,2311.15996,cs.LG,
401,0.2723,0.0769,1607.07287,cond-mat.stat-mech,2505.15526,q-fin.GN,
402,0.2723,0.0769,2012.11533,eess.SY,2308.15326,physics.soc-ph,
403,0.2693,0.0714,2008.00245,cond-mat.stat-mech,2401.01632,q-bio.PE,
404,0.2693,0.0714,2308.15326,physics.soc-ph,2401.00651,cs.SI,
405,0.2693,0.0714,2401.01397,physics.soc-ph,2505.15526,q-fin.GN,
406,0.2675,0.2500,1403.3103,math.AP,2004.01025,cs.LG,
407,0.2675,0.2500,1504.03074,q-fin.PR,2401.01850,nlin.AO,
408,0.2675,0.2500,1506.01137,q-bio.PE,1709.01726,physics.soc-ph,
409,0.2675,0.2500,1709.01726,physics.soc-ph,2505.15526,q-fin.GN,
410,0.2675,0.2500,2401.00670,eess.SY,2401.09955,q-fin.PR,
411,0.2667,0.0667,1406.2405,q-bio.PE,2008.00245,cond-mat.stat-mech,
412,0.2667,0.1667,1709.01726,physics.soc-ph,2401.00940,econ.TH,
413,0.2667,0.1667,2208.02457,q-bio.PE,2401.00940,econ.TH,
414,0.2667,0.0667,2308.15326,physics.soc-ph,2401.00940,econ.TH,
415,0.2600,0.0000,1702.01718,math.AP,2308.15326,physics.soc-ph,
416,0.2569,0.2308,1506.01137,q-bio.PE,2505.15526,q-fin.GN,
417,0.2569,0.2308,2308.15326,physics.soc-ph,2401.00948,cond-mat.stat-mech,
418,0.2522,0.2222,1807.11410,nlin.AO,2401.00661,eess.SY,
419,0.2522,0.2222,2004.01025,cs.LG,2402.13378,econ.TH,
420,0.2522,0.2222,2004.09314,q-bio.PE,2012.11533,eess.SY,
421,0.2522,0.2222,2401.00657,math.OC,2401.00839,econ.TH,
422,0.2500,0.0000,1403.3103,math.AP,2401.00622,cs.LG,
423,0.2500,0.0000,1607.07287,cond-mat.stat-mech,2401.00640,math.PR,
424,0.2500,0.0000,2012.11533,eess.SY,2401.00622,cs.LG,
425,0.2500,0.0000,2401.00640,math.PR,2401.00688,cs.SI,
426,0.2479,0.2143,2008.00245,cond-mat.stat-mech,2308.15326,physics.soc-ph,
427,0.2473,0.0769,2311.15996,cs.LG,2401.01850,nlin.AO,
428,0.2446,0.1538,2202.04557,cs.NE,2505.15526,q-fin.GN,
429,0.2437,0.1250,1607.07287,cond-mat.stat-mech,2401.00621,math.AP,
430,0.2400,0.2000,1607.07287,cond-mat.stat-mech,2401.00657,math.OC,
431,0.2400,0.2000,1612.08949,physics.soc-ph,2401.01850,nlin.AO,
432,0.2400,0.2000,1709.01726,physics.soc-ph,2012.11533,eess.SY,
433,0.2400,0.2000,1712.01032,physics.class-ph,2401.00948,cond-mat.stat-mech,
434,0.2400,0.2000,1807.11410,nlin.AO,2401.00657,math.OC,
435,0.2400,0.2000,2004.09314,q-bio.PE,2401.00651,cs.SI,
436,0.2400,0.2000,2012.11533,eess.SY,2208.02457,q-bio.PE,
437,0.2400,0.2000,2202.04557,cs.NE,2401.00839,econ.TH,
438,0.2400,0.2000,2401.00623,math.AP,2401.00940,econ.TH,
439,0.2400,0.2000,2401.00670,eess.SY,2401.01397,physics.soc-ph,
440,0.2361,0.1111,2012.11533,eess.SY,2401.00688,cs.SI,
441,0.2361,0.1111,2401.00621,math.AP,2401.00948,cond-mat.stat-mech,
442,0.2361,0.1111,2401.00623,math.AP,2401.00688,cs.SI,
443,0.2358,0.0833,2311.15996,cs.LG,2401.00670,eess.SY,
444,0.2323,0.0769,1406.2405,q-bio.PE,1702.01718,math.AP,
445,0.2323,0.0769,1406.2405,q-bio.PE,2306.13252,physics.flu-dyn,
446,0.2323,0.0769,2004.09314,q-bio.PE,2311.15996,cs.LG,
447,0.2300,0.0000,1008.3331,cond-mat.stat-mech,1402.1384,cs.IT,
448,0.2300,0.0000,1008.3331,cond-mat.stat-mech,2401.00622,cs.LG,
449,0.2300,0.0000,1402.1384,cs.IT,1702.01718,math.AP,
450,0.2300,0.0000,1402.1384,cs.IT,2306.13252,physics.flu-dyn,
451,0.2300,0.0000,1402.1384,cs.IT,2308.15326,physics.soc-ph,
452,0.2300,0.0000,1402.1384,cs.IT,2401.00743,q-bio.PE,
453,0.2300,0.0000,1402.1384,cs.IT,2401.01171,physics.soc-ph,
454,0.2300,0.0000,1402.3007,math-ph,2401.00743,q-bio.PE,
455,0.2300,0.0000,1402.3007,math-ph,2402.13378,econ.TH,
456,0.2300,0.0000,1403.3103,math.AP,2306.13252,physics.flu-dyn,
457,0.2300,0.1000,1403.3103,math.AP,2401.00940,econ.TH,
458,0.2300,0.0000,1406.2405,q-bio.PE,2401.00948,cond-mat.stat-mech,
459,0.2300,0.0000,1504.03074,q-fin.PR,2401.00743,q-bio.PE,
460,0.2300,0.0000,1504.03074,q-fin.PR,2402.13378,econ.TH,
461,0.2300,0.1818,1506.01137,q-bio.PE,2012.11533,eess.SY,
462,0.2300,0.0000,1506.01137,q-bio.PE,2401.03776,q-fin.PR,
463,0.2300,0.0000,1607.07287,cond-mat.stat-mech,1712.01032,physics.class-ph,
464,0.2300,0.1000,1607.07287,cond-mat.stat-mech,2401.00623,math.AP,
465,0.2300,0.0000,1607.07287,cond-mat.stat-mech,2401.01397,physics.soc-ph,
466,0.2300,0.0000,1607.07287,cond-mat.stat-mech,2401.09955,q-fin.PR,
467,0.2300,0.0000,1612.08949,physics.soc-ph,2401.00621,math.AP,
468,0.2300,0.0000,1612.08949,physics.soc-ph,2401.00623,math.AP,
469,0.2300,0.0000,1612.08949,physics.soc-ph,2401.00743,q-bio.PE,
470,0.2300,0.1818,1612.08949,physics.soc-ph,2401.00940,econ.TH,
471,0.2300,0.1818,1612.08949,physics.soc-ph,2401.00948,cond-mat.stat-mech,
472,0.2300,0.0000,1612.08949,physics.soc-ph,2401.03776,q-fin.PR,
473,0.2300,0.1000,1612.08949,physics.soc-ph,2402.13378,econ.TH,
474,0.2300,0.0000,1702.01718,math.AP,1712.01032,physics.class-ph,
475,0.2300,0.0000,1702.01718,math.AP,2401.00622,cs.LG,
476,0.2300,0.0000,1702.01718,math.AP,2401.00625,cs.LG,
477,0.2300,0.1818,1702.01718,math.AP,2401.01397,physics.soc-ph,
478,0.2300,0.0000,1702.01718,math.AP,2402.13378,econ.TH,
479,0.2300,0.0000,1709.01726,physics.soc-ph,2401.00621,math.AP,
480,0.2300,0.1818,1709.01726,physics.soc-ph,2401.00651,cs.SI,
481,0.2300,0.1818,1709.01726,physics.soc-ph,2401.01850,nlin.AO,
482,0.2300,0.0000,1709.01726,physics.soc-ph,2401.03776,q-fin.PR,
483,0.2300,0.0000,1712.01032,physics.class-ph,2401.00621,math.AP,
484,0.2300,0.0000,1712.01032,physics.class-ph,2401.00623,math.AP,
485,0.2300,0.0000,1712.01032,physics.class-ph,2401.00664,math.OC,
486,0.2300,0.0000,1712.01032,physics.class-ph,2401.00743,q-bio.PE,
487,0.2300,0.0000,1712.01032,physics.class-ph,2401.01632,q-bio.PE,
488,0.2300,0.0000,1712.01032,physics.class-ph,2401.03776,q-fin.PR,
489,0.2300,0.0000,1807.11410,nlin.AO,2401.00621,math.AP,
490,0.2300,0.0000,1807.11410,nlin.AO,2401.00622,cs.LG,
491,0.2300,0.0000,1807.11410,nlin.AO,2401.00623,math.AP,
492,0.2300,0.0000,1807.11410,nlin.AO,2401.00625,cs.LG,
493,0.2300,0.0000,2004.01025,cs.LG,2401.00743,q-bio.PE,
494,0.2300,0.0000,2004.01025,cs.LG,2401.01171,physics.soc-ph,
495,0.2300,0.0000,2004.01025,cs.LG,2401.03776,q-fin.PR,
496,0.2300,0.0000,2004.09314,q-bio.PE,2401.00621,math.AP,
497,0.2300,0.0000,2004.09314,q-bio.PE,2401.01171,physics.soc-ph,
498,0.2300,0.0000,2004.09314,q-bio.PE,2401.03776,q-fin.PR,
499,0.2300,0.0000,2008.00245,cond-mat.stat-mech,2311.15996,cs.LG,
500,0.2300,0.1000,2008.00245,cond-mat.stat-mech,2401.00621,math.AP,
501,0.2300,0.0000,2008.00245,cond-mat.stat-mech,2401.00661,eess.SY,
502,0.2300,0.0000,2008.00245,cond-mat.stat-mech,2401.00839,econ.TH,
503,0.2300,0.0000,2008.00245,cond-mat.stat-mech,2505.15526,q-fin.GN,
504,0.2300,0.1818,2208.02457,q-bio.PE,2401.00651,cs.SI,
505,0.2300,0.0000,2208.02457,q-bio.PE,2401.01171,physics.soc-ph,
506,0.2300,0.0000,2208.02457,q-bio.PE,2401.03776,q-fin.PR,
507,0.2300,0.0000,2306.13252,physics.flu-dyn,2401.00622,cs.LG,
508,0.2300,0.0000,2306.13252,physics.flu-dyn,2401.00625,cs.LG,
509,0.2300,0.0000,2306.13252,physics.flu-dyn,2402.13378,econ.TH,
510,0.2300,0.0000,2308.15326,physics.soc-ph,2401.00621,math.AP,
511,0.2300,0.0000,2308.15326,physics.soc-ph,2401.00622,cs.LG,
512,0.2300,0.0000,2308.15326,physics.soc-ph,2401.00623,math.AP,
513,0.2300,0.0000,2308.15326,physics.soc-ph,2401.00625,cs.LG,
514,0.2300,0.0000,2311.15996,cs.LG,2401.00839,econ.TH,
515,0.2300,0.0000,2311.15996,cs.LG,2401.00948,cond-mat.stat-mech,
516,0.2300,0.0000,2311.15996,cs.LG,2401.03776,q-fin.PR,
517,0.2300,0.0000,2401.00621,math.AP,2401.00625,cs.LG,
518,0.2300,0.0000,2401.00622,cs.LG,2401.00671,math.PR,
519,0.2300,0.0000,2401.00622,cs.LG,2401.00743,q-bio.PE,
520,0.2300,0.0000,2401.00622,cs.LG,2401.00822,cond-mat.stat-mech,
521,0.2300,0.0000,2401.00622,cs.LG,2401.01171,physics.soc-ph,
522,0.2300,0.0000,2401.00625,cs.LG,2401.00657,math.OC,
523,0.2300,0.0000,2401.00625,cs.LG,2401.00664,math.OC,
524,0.2300,0.0000,2401.00625,cs.LG,2401.00671,math.PR,
525,0.2300,0.0000,2401.00625,cs.LG,2401.00822,cond-mat.stat-mech,
526,0.2300,0.0000,2401.00625,cs.LG,2401.01171,physics.soc-ph,
527,0.2300,0.0000,2401.00625,cs.LG,2401.03776,q-fin.PR,
528,0.2300,0.0000,2401.00640,math.PR,2401.01397,physics.soc-ph,
529,0.2300,0.0000,2401.00640,math.PR,2401.01850,nlin.AO,
530,0.2300,0.0000,2401.00651,cs.SI,2401.00671,math.PR,
531,0.2300,0.0000,2401.00651,cs.SI,2401.00822,cond-mat.stat-mech,
532,0.2300,0.0000,2401.00651,cs.SI,2401.01171,physics.soc-ph,
533,0.2300,0.1818,2401.00657,math.OC,2401.00940,econ.TH,
534,0.2300,0.0000,2401.00661,eess.SY,2401.00688,cs.SI,
535,0.2300,0.0000,2401.00664,math.OC,2401.01397,physics.soc-ph,
536,0.2300,0.0000,2401.00664,math.OC,2401.01850,nlin.AO,
537,0.2300,0.0000,2401.00664,math.OC,2401.09955,q-fin.PR,
538,0.2300,0.0000,2401.00670,eess.SY,2401.00743,q-bio.PE,
539,0.2300,0.0000,2401.00670,eess.SY,2401.01171,physics.soc-ph,
540,0.2300,0.0000,2401.00670,eess.SY,2401.03776,q-fin.PR,
541,0.2300,0.1818,2401.00670,eess.SY,2505.15526,q-fin.GN,
542,0.2300,0.0000,2401.00671,math.PR,2401.00948,cond-mat.stat-mech,
543,0.2300,0.0000,2401.00688,cs.SI,2401.00839,econ.TH,
544,0.2300,0.0000,2401.00743,q-bio.PE,2401.01850,nlin.AO,
545,0.2300,0.0000,2401.00839,econ.TH,2401.01397,physics.soc-ph,
546,0.2300,0.0000,2401.00839,econ.TH,2401.09955,q-fin.PR,
547,0.2300,0.0000,2401.00948,cond-mat.stat-mech,2401.01632,q-bio.PE,
548,0.2300,0.1818,2401.00948,cond-mat.stat-mech,2401.01850,nlin.AO,
549,0.2300,0.0000,2401.00948,cond-mat.stat-mech,2505.15526,q-fin.GN,
550,0.2300,0.0000,2401.01397,physics.soc-ph,2401.03776,q-fin.PR,
551,0.2300,0.0000,2401.01850,nlin.AO,2401.03776,q-fin.PR,
552,0.2293,0.0714,1709.01726,physics.soc-ph,2311.15996,cs.LG,
553,0.2293,0.0714,2208.02457,q-bio.PE,2311.15996,cs.LG,
554,0.2288,0.1250,1402.3007,math-ph,1807.11410,nlin.AO,
555,0.2275,0.2500,1008.3331,cond-mat.stat-mech,1402.3007,math-ph,
556,0.2250,0.0909,1712.01032,physics.class-ph,2401.00940,econ.TH,
557,0.2250,0.0909,2401.00623,math.AP,2401.00948,cond-mat.stat-mech,
558,0.2217,0.1667,1008.3331,cond-mat.stat-mech,2202.04557,cs.NE,
559,0.2217,0.1667,1406.2405,q-bio.PE,1807.11410,nlin.AO,
560,0.2217,0.1667,1506.01137,q-bio.PE,1612.08949,physics.soc-ph,logistic_adoption
561,0.2217,0.1667,1506.01137,q-bio.PE,2004.01025,cs.LG,
562,0.2217,0.1667,2004.01025,cs.LG,2505.15526,q-fin.GN,
563,0.2217,0.1667,2202.04557,cs.NE,2401.01397,physics.soc-ph,
564,0.2217,0.1667,2401.00640,math.PR,2401.09955,q-fin.PR,
565,0.2211,0.1111,1402.3007,math-ph,2202.04557,cs.NE,
566,0.2211,0.1111,1504.03074,q-fin.PR,1807.11410,nlin.AO,
567,0.2208,0.0833,2008.00245,cond-mat.stat-mech,2401.00623,math.AP,
568,0.2200,0.0000,1402.1384,cs.IT,1403.3103,math.AP,
569,0.2200,0.0000,1402.1384,cs.IT,2402.13378,econ.TH,
570,0.2200,0.0000,2401.00621,math.AP,2401.00651,cs.SI,
571,0.2173,0.0769,1402.1384,cs.IT,2008.00245,cond-mat.stat-mech,
572,0.2150,0.1000,1504.03074,q-fin.PR,2202.04557,cs.NE,
573,0.2146,0.1538,1406.2405,q-bio.PE,2202.04557,cs.NE,
574,0.2146,0.1538,2008.00245,cond-mat.stat-mech,2202.04557,cs.NE,ising_hopfield
575,0.2133,0.3333,2401.00661,eess.SY,2401.00940,econ.TH,
576,0.2125,0.2500,2012.11533,eess.SY,2401.00839,econ.TH,
577,0.2086,0.1429,1008.3331,cond-mat.stat-mech,2308.15326,physics.soc-ph,
578,0.2086,0.1429,1402.3007,math-ph,2012.11533,eess.SY,
579,0.2086,0.1429,1402.3007,math-ph,2401.00670,eess.SY,
580,0.2086,0.1429,1702.01718,math.AP,2401.00743,q-bio.PE,
581,0.2086,0.1429,1807.11410,nlin.AO,2401.00743,q-bio.PE,
582,0.2086,0.1429,2306.13252,physics.flu-dyn,2401.03776,q-fin.PR,
583,0.2086,0.1429,2308.15326,physics.soc-ph,2401.00822,cond-mat.stat-mech,
584,0.2086,0.1429,2401.00621,math.AP,2401.00661,eess.SY,
585,0.2086,0.1429,2401.00621,math.AP,2401.00839,econ.TH,
586,0.2086,0.1429,2401.00625,cs.LG,2402.13378,econ.TH,
587,0.2050,0.1000,2401.00651,cs.SI,2402.13378,econ.TH,
588,0.1988,0.1250,1008.3331,cond-mat.stat-mech,2401.00640,math.PR,
589,0.1988,0.1250,1402.3007,math-ph,1612.08949,physics.soc-ph,
590,0.1988,0.1250,1402.3007,math-ph,2004.01025,cs.LG,
591,0.1988,0.1250,1402.3007,math-ph,2004.09314,q-bio.PE,
592,0.1988,0.1250,1402.3007,math-ph,2401.01850,nlin.AO,
593,0.1988,0.1250,1403.3103,math.AP,2401.00670,eess.SY,
594,0.1988,0.1250,1504.03074,q-fin.PR,2012.11533,eess.SY,
595,0.1988,0.1250,1504.03074,q-fin.PR,2401.00670,eess.SY,
596,0.1988,0.1250,2202.04557,cs.NE,2401.00743,q-bio.PE,
597,0.1988,0.1250,2401.00743,q-bio.PE,2401.00822,cond-mat.stat-mech,
598,0.1972,0.2222,1607.07287,cond-mat.stat-mech,2012.11533,eess.SY,
599,0.1972,0.2222,1607.07287,cond-mat.stat-mech,2402.13378,econ.TH,
600,0.1950,0.3000,1607.07287,cond-mat.stat-mech,2401.00940,econ.TH,
601,0.1944,0.0625,2308.15326,physics.soc-ph,2505.15526,q-fin.GN,
602,0.1911,0.1111,1402.3007,math-ph,1709.01726,physics.soc-ph,
603,0.1911,0.1111,1402.3007,math-ph,2208.02457,q-bio.PE,
604,0.1911,0.1111,1403.3103,math.AP,2004.09314,q-bio.PE,
605,0.1911,0.1111,1504.03074,q-fin.PR,1612.08949,physics.soc-ph,
606,0.1911,0.1111,1504.03074,q-fin.PR,2004.01025,cs.LG,
607,0.1911,0.1111,1504.03074,q-fin.PR,2004.09314,q-bio.PE,
608,0.1911,0.1111,1712.01032,physics.class-ph,2401.09955,q-fin.PR,
609,0.1911,0.1111,2012.11533,eess.SY,2401.09955,q-fin.PR,
610,0.1911,0.1111,2311.15996,cs.LG,2401.00640,math.PR,
611,0.1911,0.1111,2401.00621,math.AP,2401.00822,cond-mat.stat-mech,
612,0.1911,0.1111,2401.00621,math.AP,2401.00940,econ.TH,
613,0.1911,0.1111,2401.00623,math.AP,2401.00661,eess.SY,
614,0.1911,0.1111,2401.00623,math.AP,2401.00839,econ.TH,
615,0.1911,0.1111,2401.00625,cs.LG,2401.00948,cond-mat.stat-mech,
616,0.1911,0.1111,2401.00670,eess.SY,2401.00688,cs.SI,
617,0.1911,0.1111,2401.00670,eess.SY,2402.13378,econ.TH,
618,0.1911,0.1111,2401.00688,cs.SI,2401.09955,q-fin.PR,
619,0.1900,0.0000,1702.01718,math.AP,2401.00822,cond-mat.stat-mech,
620,0.1900,0.0000,1712.01032,physics.class-ph,2311.15996,cs.LG,
621,0.1900,0.0000,2306.13252,physics.flu-dyn,2401.00822,cond-mat.stat-mech,
622,0.1850,0.1000,1403.3103,math.AP,1709.01726,physics.soc-ph,
623,0.1850,0.1000,1403.3103,math.AP,2208.02457,q-bio.PE,
624,0.1850,0.1000,1504.03074,q-fin.PR,1709.01726,physics.soc-ph,
625,0.1850,0.1000,1504.03074,q-fin.PR,2208.02457,q-bio.PE,
626,0.1850,0.1000,1612.08949,physics.soc-ph,2401.09955,q-fin.PR,
627,0.1850,0.1000,1702.01718,math.AP,2012.11533,eess.SY,
628,0.1850,0.1000,1702.01718,math.AP,2401.00661,eess.SY,
629,0.1850,0.1000,1712.01032,physics.class-ph,2401.00651,cs.SI,
630,0.1850,0.1000,1807.11410,nlin.AO,2401.00664,math.OC,
631,0.1850,0.1000,1807.11410,nlin.AO,2401.00839,econ.TH,
632,0.1850,0.1000,2004.01025,cs.LG,2401.09955,q-fin.PR,
633,0.1850,0.1000,2004.09314,q-bio.PE,2401.00688,cs.SI,
634,0.1850,0.1000,2004.09314,q-bio.PE,2401.09955,q-fin.PR,
635,0.1850,0.1000,2012.11533,eess.SY,2306.13252,physics.flu-dyn,
636,0.1850,0.1000,2306.13252,physics.flu-dyn,2401.00661,eess.SY,
637,0.1850,0.1000,2306.13252,physics.flu-dyn,2401.00664,math.OC,
638,0.1850,0.1000,2308.15326,physics.soc-ph,2401.00743,q-bio.PE,
639,0.1850,0.1000,2308.15326,physics.soc-ph,2401.03776,q-fin.PR,
640,0.1850,0.1000,2401.00622,cs.LG,2505.15526,q-fin.GN,
641,0.1850,0.1000,2401.00625,cs.LG,2505.15526,q-fin.GN,
642,0.1850,0.1000,2401.00651,cs.SI,2401.00670,eess.SY,
643,0.1850,0.1000,2401.00657,math.OC,2401.09955,q-fin.PR,
644,0.1850,0.2000,2401.00664,math.OC,2401.00940,econ.TH,
645,0.1850,0.1000,2401.00670,eess.SY,2401.01850,nlin.AO,
646,0.1800,0.0909,1403.3103,math.AP,2311.15996,cs.LG,
647,0.1800,0.0909,1607.07287,cond-mat.stat-mech,1807.11410,nlin.AO,
648,0.1800,0.0909,1709.01726,physics.soc-ph,2401.00688,cs.SI,
649,0.1800,0.0909,1709.01726,physics.soc-ph,2401.09955,q-fin.PR,
650,0.1800,0.0909,1709.01726,physics.soc-ph,2402.13378,econ.TH,
651,0.1800,0.0909,1807.11410,nlin.AO,2401.00671,math.PR,
652,0.1800,0.0909,2004.01025,cs.LG,2401.01850,nlin.AO,
653,0.1800,0.0909,2004.09314,q-bio.PE,2401.01850,nlin.AO,
654,0.1800,0.0909,2202.04557,cs.NE,2401.00664,math.OC,
655,0.1800,0.0909,2208.02457,q-bio.PE,2401.00688,cs.SI,
656,0.1800,0.0909,2208.02457,q-bio.PE,2401.09955,q-fin.PR,
657,0.1800,0.0909,2306.13252,physics.flu-dyn,2401.00657,math.OC,
658,0.1800,0.0909,2401.00623,math.AP,2401.00822,cond-mat.stat-mech,
659,0.1800,0.0909,2401.00623,math.AP,2401.01632,q-bio.PE,
660,0.1800,0.0909,2401.00670,eess.SY,2401.00948,cond-mat.stat-mech,
661,0.1800,0.2727,2401.00940,econ.TH,2401.01632,q-bio.PE,
662,0.1800,0.0909,2401.00948,cond-mat.stat-mech,2401.09955,q-fin.PR,
663,0.1758,0.0833,1008.3331,cond-mat.stat-mech,1807.11410,nlin.AO,
664,0.1758,0.0833,1008.3331,cond-mat.stat-mech,2401.00657,math.OC,
665,0.1758,0.0833,1402.1384,cs.IT,2401.00940,econ.TH,
666,0.1758,0.0833,1406.2405,q-bio.PE,2401.00623,math.AP,
667,0.1758,0.0833,1506.01137,q-bio.PE,2401.00670,eess.SY,
668,0.1758,0.0833,1506.01137,q-bio.PE,2401.00688,cs.SI,
669,0.1758,0.0833,1607.07287,cond-mat.stat-mech,2202.04557,cs.NE,
670,0.1758,0.0833,1702.01718,math.AP,2401.01632,q-bio.PE,
671,0.1758,0.0833,1712.01032,physics.class-ph,2505.15526,q-fin.GN,
672,0.1758,0.0833,1807.11410,nlin.AO,2401.00822,cond-mat.stat-mech,
673,0.1758,0.0833,1807.11410,nlin.AO,2401.00948,cond-mat.stat-mech,
674,0.1758,0.0833,1807.11410,nlin.AO,2401.01632,q-bio.PE,
675,0.1758,0.0833,2004.01025,cs.LG,2401.00948,cond-mat.stat-mech,
676,0.1758,0.0833,2004.01025,cs.LG,2401.01397,physics.soc-ph,
677,0.1758,0.0833,2004.09314,q-bio.PE,2401.01397,physics.soc-ph,
678,0.1758,0.0833,2008.00245,cond-mat.stat-mech,2401.09955,q-fin.PR,
679,0.1758,0.0833,2202.04557,cs.NE,2401.00671,math.PR,
680,0.1758,0.0833,2208.02457,q-bio.PE,2401.01850,nlin.AO,
681,0.1758,0.0833,2311.15996,cs.LG,2402.13378,econ.TH,
682,0.1758,0.0833,2401.00657,math.OC,2401.00822,cond-mat.stat-mech,
683,0.1758,0.0833,2401.00657,math.OC,2401.01632,q-bio.PE,
684,0.1750,0.0000,1403.3103,math.AP,1612.08949,physics.soc-ph,
685,0.1750,0.0000,2008.00245,cond-mat.stat-mech,2401.00622,cs.LG,
686,0.1750,0.0000,2401.00621,math.AP,2401.00688,cs.SI,
687,0.1750,0.0000,2401.00621,math.AP,2401.03776,q-fin.PR,
688,0.1750,0.0000,2401.00622,cs.LG,2401.00948,cond-mat.stat-mech,
689,0.1750,0.0000,2401.00623,math.AP,2401.03776,q-fin.PR,
690,0.1750,0.0000,2401.00640,math.PR,2401.00651,cs.SI,
691,0.1723,0.0769,1402.1384,cs.IT,1506.01137,q-bio.PE,
692,0.1723,0.0769,1402.1384,cs.IT,2505.15526,q-fin.GN,
693,0.1723,0.0769,1506.01137,q-bio.PE,2401.00651,cs.SI,
694,0.1723,0.0769,1612.08949,physics.soc-ph,2008.00245,cond-mat.stat-mech,
695,0.1723,0.0769,1612.08949,physics.soc-ph,2311.15996,cs.LG,
696,0.1723,0.0769,1709.01726,physics.soc-ph,2401.00948,cond-mat.stat-mech,
697,0.1723,0.0769,1807.11410,nlin.AO,2008.00245,cond-mat.stat-mech,
698,0.1723,0.0769,1807.11410,nlin.AO,2311.15996,cs.LG,
699,0.1723,0.0769,2004.01025,cs.LG,2008.00245,cond-mat.stat-mech,
700,0.1723,0.0769,2008.00245,cond-mat.stat-mech,2306.13252,physics.flu-dyn,
701,0.1723,0.0769,2202.04557,cs.NE,2401.01632,q-bio.PE,
702,0.1723,0.0769,2208.02457,q-bio.PE,2401.00948,cond-mat.stat-mech,
703,0.1723,0.0769,2208.02457,q-bio.PE,2401.01397,physics.soc-ph,
704,0.1723,0.0769,2308.15326,physics.soc-ph,2401.00664,math.OC,
705,0.1723,0.0769,2308.15326,physics.soc-ph,2402.13378,econ.TH,
706,0.1723,0.0769,2401.01850,nlin.AO,2505.15526,q-fin.GN,
707,0.1693,0.0714,1506.01137,q-bio.PE,2401.00940,econ.TH,
708,0.1693,0.0714,1709.01726,physics.soc-ph,2008.00245,cond-mat.stat-mech,
709,0.1693,0.0714,2008.00245,cond-mat.stat-mech,2208.02457,q-bio.PE,
710,0.1693,0.0714,2308.15326,physics.soc-ph,2401.00671,math.PR,
711,0.1675,0.2500,1402.3007,math-ph,2401.01397,physics.soc-ph,
712,0.1667,0.0667,1506.01137,q-bio.PE,2008.00245,cond-mat.stat-mech,
713,0.1600,0.0000,1402.3007,math-ph,2308.15326,physics.soc-ph,
714,0.1600,0.0000,1504.03074,q-fin.PR,2308.15326,physics.soc-ph,
715,0.1588,0.1250,1402.3007,math-ph,2401.00671,math.PR,
716,0.1522,0.2222,1402.3007,math-ph,1506.01137,q-bio.PE,
717,0.1511,0.1111,1504.03074,q-fin.PR,2401.00671,math.PR,
718,0.1500,0.0000,1403.3103,math.AP,2401.00651,cs.SI,
719,0.1450,0.1000,1008.3331,cond-mat.stat-mech,1504.03074,q-fin.PR,
720,0.1450,0.1000,1402.3007,math-ph,1406.2405,q-bio.PE,
721,0.1437,0.1250,1403.3103,math.AP,2401.00661,eess.SY,
722,0.1437,0.1250,1403.3103,math.AP,2401.00839,econ.TH,
723,0.1400,0.0909,1406.2405,q-bio.PE,1504.03074,q-fin.PR,
724,0.1400,0.2000,2012.11533,eess.SY,2401.01397,physics.soc-ph,
725,0.1361,0.1111,1403.3103,math.AP,1607.07287,cond-mat.stat-mech,
726,0.1361,0.1111,2401.00661,eess.SY,2402.13378,econ.TH,
727,0.1361,0.1111,2401.00688,cs.SI,2402.13378,econ.TH,
728,0.1300,0.0000,1008.3331,cond-mat.stat-mech,2401.00621,math.AP,
729,0.1300,0.0000,1008.3331,cond-mat.stat-mech,2401.00623,math.AP,
730,0.1300,0.0000,1008.3331,cond-mat.stat-mech,2401.00743,q-bio.PE,
731,0.1300,0.0000,1402.1384,cs.IT,1402.3007,math-ph,
732,0.1300,0.0000,1402.1384,cs.IT,1504.03074,q-fin.PR,
733,0.1300,0.0000,1402.1384,cs.IT,2401.01397,physics.soc-ph,
734,0.1300,0.0000,1402.1384,cs.IT,2401.01850,nlin.AO,
735,0.1300,0.0000,1402.1384,cs.IT,2401.09955,q-fin.PR,
736,0.1300,0.0000,1402.3007,math-ph,1712.01032,physics.class-ph,
737,0.1300,0.0000,1402.3007,math-ph,2401.00622,cs.LG,
738,0.1300,0.0000,1402.3007,math-ph,2401.00625,cs.LG,
739,0.1300,0.0000,1402.3007,math-ph,2401.00640,math.PR,
740,0.1300,0.0000,1402.3007,math-ph,2401.00940,econ.TH,
741,0.1300,0.0000,1403.3103,math.AP,1712.01032,physics.class-ph,
742,0.1300,0.0000,1403.3103,math.AP,1807.11410,nlin.AO,
743,0.1300,0.0000,1403.3103,math.AP,2202.04557,cs.NE,
744,0.1300,0.0000,1403.3103,math.AP,2308.15326,physics.soc-ph,
745,0.1300,0.0000,1403.3103,math.AP,2401.00625,cs.LG,
746,0.1300,0.0000,1403.3103,math.AP,2401.01850,nlin.AO,
747,0.1300,0.0000,1403.3103,math.AP,2505.15526,q-fin.GN,
748,0.1300,0.1818,1406.2405,q-bio.PE,2012.11533,eess.SY,
749,0.1300,0.0000,1406.2405,q-bio.PE,2308.15326,physics.soc-ph,
750,0.1300,0.0000,1406.2405,q-bio.PE,2401.00621,math.AP,
751,0.1300,0.0000,1406.2405,q-bio.PE,2401.00640,math.PR,
752,0.1300,0.0000,1504.03074,q-fin.PR,1712.01032,physics.class-ph,
753,0.1300,0.0000,1504.03074,q-fin.PR,2401.00622,cs.LG,
754,0.1300,0.0000,1504.03074,q-fin.PR,2401.00625,cs.LG,
755,0.1300,0.0000,1504.03074,q-fin.PR,2401.00640,math.PR,
756,0.1300,0.0000,1504.03074,q-fin.PR,2401.00940,econ.TH,
757,0.1300,0.0000,1506.01137,q-bio.PE,1712.01032,physics.class-ph,
758,0.1300,0.0000,1506.01137,q-bio.PE,2401.00622,cs.LG,
759,0.1300,0.0000,1506.01137,q-bio.PE,2401.00625,cs.LG,
760,0.1300,0.0000,1506.01137,q-bio.PE,2401.00640,math.PR,
761,0.1300,0.0000,1506.01137,q-bio.PE,2401.00948,cond-mat.stat-mech,
762,0.1300,0.0000,1506.01137,q-bio.PE,2402.13378,econ.TH,
763,0.1300,0.0000,1607.07287,cond-mat.stat-mech,1702.01718,math.AP,
764,0.1300,0.0000,1607.07287,cond-mat.stat-mech,2306.13252,physics.flu-dyn,
765,0.1300,0.0000,1607.07287,cond-mat.stat-mech,2308.15326,physics.soc-ph,
766,0.1300,0.0000,1607.07287,cond-mat.stat-mech,2401.00743,q-bio.PE,
767,0.1300,0.0000,1612.08949,physics.soc-ph,2401.00688,cs.SI,
768,0.1300,0.0000,1702.01718,math.AP,2008.00245,cond-mat.stat-mech,
769,0.1300,0.0000,1702.01718,math.AP,2401.00651,cs.SI,
770,0.1300,0.0000,1702.01718,math.AP,2401.00688,cs.SI,
771,0.1300,0.0000,1702.01718,math.AP,2401.00839,econ.TH,
772,0.1300,0.0000,1702.01718,math.AP,2401.00940,econ.TH,
773,0.1300,0.0000,1702.01718,math.AP,2401.00948,cond-mat.stat-mech,
774,0.1300,0.0000,1702.01718,math.AP,2401.01171,physics.soc-ph,
775,0.1300,0.0000,1702.01718,math.AP,2401.03776,q-fin.PR,
776,0.1300,0.0000,1712.01032,physics.class-ph,2008.00245,cond-mat.stat-mech,
777,0.1300,0.0000,1712.01032,physics.class-ph,2012.11533,eess.SY,oscillator_rlc
778,0.1300,0.0000,1712.01032,physics.class-ph,2401.00688,cs.SI,
779,0.1300,0.0000,1712.01032,physics.class-ph,2401.01850,nlin.AO,
780,0.1300,0.0000,1712.01032,physics.class-ph,2402.13378,econ.TH,
781,0.1300,0.0000,1807.11410,nlin.AO,2401.01171,physics.soc-ph,
782,0.1300,0.0000,1807.11410,nlin.AO,2401.03776,q-fin.PR,
783,0.1300,0.0000,1807.11410,nlin.AO,2402.13378,econ.TH,
784,0.1300,0.0000,2004.09314,q-bio.PE,2008.00245,cond-mat.stat-mech,
785,0.1300,0.0000,2004.09314,q-bio.PE,2401.00948,cond-mat.stat-mech,
786,0.1300,0.0000,2004.09314,q-bio.PE,2402.13378,econ.TH,
787,0.1300,0.0000,2008.00245,cond-mat.stat-mech,2401.00625,cs.LG,
788,0.1300,0.0000,2008.00245,cond-mat.stat-mech,2401.00670,eess.SY,
789,0.1300,0.0000,2012.11533,eess.SY,2401.00625,cs.LG,
790,0.1300,0.0000,2012.11533,eess.SY,2401.00743,q-bio.PE,
791,0.1300,0.1818,2012.11533,eess.SY,2505.15526,q-fin.GN,
792,0.1300,0.0000,2202.04557,cs.NE,2401.01171,physics.soc-ph,
793,0.1300,0.0000,2202.04557,cs.NE,2401.03776,q-fin.PR,
794,0.1300,0.0000,2202.04557,cs.NE,2402.13378,econ.TH,
795,0.1300,0.0000,2208.02457,q-bio.PE,2402.13378,econ.TH,
796,0.1300,0.0000,2306.13252,physics.flu-dyn,2401.00651,cs.SI,
797,0.1300,0.0000,2306.13252,physics.flu-dyn,2401.00688,cs.SI,
798,0.1300,0.0000,2306.13252,physics.flu-dyn,2401.00743,q-bio.PE,
799,0.1300,0.0000,2306.13252,physics.flu-dyn,2401.00839,econ.TH,
800,0.1300,0.0000,2306.13252,physics.flu-dyn,2401.00940,econ.TH,
801,0.1300,0.0000,2306.13252,physics.flu-dyn,2401.00948,cond-mat.stat-mech,
802,0.1300,0.0000,2306.13252,physics.flu-dyn,2401.01632,q-bio.PE,
803,0.1300,0.0000,2308.15326,physics.soc-ph,2311.15996,cs.LG,
804,0.1300,0.0000,2308.15326,physics.soc-ph,2401.00657,math.OC,
805,0.1300,0.0000,2308.15326,physics.soc-ph,2401.00661,eess.SY,
806,0.1300,0.0000,2308.15326,physics.soc-ph,2401.00839,econ.TH,
807,0.1300,0.0000,2308.15326,physics.soc-ph,2401.01632,q-bio.PE,
808,0.1300,0.0000,2401.00621,math.AP,2401.00743,q-bio.PE,
809,0.1300,0.0000,2401.00621,math.AP,2401.01171,physics.soc-ph,
810,0.1300,0.0000,2401.00621,math.AP,2401.01397,physics.soc-ph,
811,0.1300,0.0000,2401.00621,math.AP,2401.01632,q-bio.PE,
812,0.1300,0.0000,2401.00622,cs.LG,2401.01397,physics.soc-ph,
813,0.1300,0.0000,2401.00622,cs.LG,2401.01850,nlin.AO,
814,0.1300,0.0000,2401.00622,cs.LG,2401.09955,q-fin.PR,
815,0.1300,0.0000,2401.00623,math.AP,2401.00743,q-bio.PE,
816,0.1300,0.0000,2401.00623,math.AP,2401.01171,physics.soc-ph,
817,0.1300,0.0000,2401.00623,math.AP,2401.01397,physics.soc-ph,
818,0.1300,0.0000,2401.00625,cs.LG,2401.01397,physics.soc-ph,
819,0.1300,0.0000,2401.00625,cs.LG,2401.01850,nlin.AO,
820,0.1300,0.0000,2401.00625,cs.LG,2401.09955,q-fin.PR,
821,0.1300,0.0000,2401.00640,math.PR,2401.00661,eess.SY,
822,0.1300,0.0000,2401.00640,math.PR,2401.00743,q-bio.PE,
823,0.1300,0.0000,2401.00640,math.PR,2401.00822,cond-mat.stat-mech,
824,0.1300,0.0000,2401.00640,math.PR,2401.00839,econ.TH,
825,0.1300,0.0000,2401.00640,math.PR,2401.01171,physics.soc-ph,
826,0.1300,0.0000,2401.00640,math.PR,2401.01632,q-bio.PE,
827,0.1300,0.0000,2401.00640,math.PR,2505.15526,q-fin.GN,
828,0.1300,0.0000,2401.00651,cs.SI,2401.01850,nlin.AO,
829,0.1300,0.0000,2401.00651,cs.SI,2401.09955,q-fin.PR,
830,0.1300,0.0000,2401.00657,math.OC,2401.01171,physics.soc-ph,
831,0.1300,0.0000,2401.00657,math.OC,2401.03776,q-fin.PR,
832,0.1300,0.0000,2401.00661,eess.SY,2401.00743,q-bio.PE,
833,0.1300,0.0000,2401.00664,math.OC,2401.00743,q-bio.PE,
834,0.1300,0.0000,2401.00671,math.PR,2401.00743,q-bio.PE,
835,0.1300,0.0000,2401.00688,cs.SI,2401.01850,nlin.AO,
836,0.1300,0.0000,2401.00743,q-bio.PE,2401.00839,econ.TH,
837,0.1300,0.0000,2401.00743,q-bio.PE,2401.00940,econ.TH,
838,0.1300,0.0000,2401.00743,q-bio.PE,2401.01171,physics.soc-ph,
839,0.1300,0.0000,2401.00743,q-bio.PE,2401.03776,q-fin.PR,
840,0.1300,0.0000,2401.00743,q-bio.PE,2401.09955,q-fin.PR,
841,0.1300,0.0000,2401.00743,q-bio.PE,2402.13378,econ.TH,
842,0.1300,0.0000,2401.00940,econ.TH,2401.09955,q-fin.PR,
843,0.1300,0.0000,2401.09955,q-fin.PR,2402.13378,econ.TH,
844,0.1300,0.0000,2402.13378,econ.TH,2505.15526,q-fin.GN,
845,0.1250,0.0909,2401.00651,cs.SI,2401.00657,math.OC,
846,0.1250,0.0909,2401.00948,cond-mat.stat-mech,2402.13378,econ.TH,
847,0.1217,0.1667,1506.01137,q-bio.PE,1702.01718,math.AP,
848,0.1217,0.1667,1506.01137,q-bio.PE,1807.11410,nlin.AO,
849,0.1217,0.1667,2401.00657,math.OC,2505.15526,q-fin.GN,
850,0.1217,0.1667,2401.00688,cs.SI,2401.00743,q-bio.PE,
851,0.1217,0.1667,2401.00940,econ.TH,2401.00948,cond-mat.stat-mech,
852,0.1217,0.1667,2401.00940,econ.TH,2401.01397,physics.soc-ph,
853,0.1208,0.0833,2008.00245,cond-mat.stat-mech,2402.13378,econ.TH,
854,0.1146,0.1538,1406.2405,q-bio.PE,2401.00940,econ.TH,
855,0.1146,0.1538,1506.01137,q-bio.PE,2202.04557,cs.NE,
856,0.1146,0.1538,2401.00940,econ.TH,2505.15526,q-fin.GN,
857,0.1086,0.1429,1402.3007,math-ph,2401.00661,eess.SY,
858,0.1086,0.1429,1402.3007,math-ph,2401.09955,q-fin.PR,
859,0.1086,0.1429,2306.13252,physics.flu-dyn,2401.00640,math.PR,
860,0.1086,0.1429,2401.01171,physics.soc-ph,2402.13378,econ.TH,
861,0.0988,0.1250,1504.03074,q-fin.PR,2401.00661,eess.SY,
862,0.0988,0.1250,1504.03074,q-fin.PR,2401.00839,econ.TH,
863,0.0988,0.1250,2401.00743,q-bio.PE,2401.00948,cond-mat.stat-mech,
864,0.0988,0.1250,2401.00743,q-bio.PE,2401.01397,physics.soc-ph,
865,0.0911,0.1111,1504.03074,q-fin.PR,1607.07287,cond-mat.stat-mech,
866,0.0911,0.1111,2008.00245,cond-mat.stat-mech,2401.00743,q-bio.PE,
867,0.0900,0.0000,1402.3007,math-ph,2401.00822,cond-mat.stat-mech,
868,0.0900,0.0000,1504.03074,q-fin.PR,2401.00822,cond-mat.stat-mech,
869,0.0850,0.1000,1403.3103,math.AP,2401.01632,q-bio.PE,
870,0.0850,0.1000,1504.03074,q-fin.PR,2401.01397,physics.soc-ph,
871,0.0850,0.1000,1702.01718,math.AP,2401.09955,q-fin.PR,
872,0.0850,0.1000,1807.11410,nlin.AO,2401.09955,q-fin.PR,
873,0.0850,0.1000,2012.11533,eess.SY,2401.00671,math.PR,
874,0.0850,0.1000,2012.11533,eess.SY,2401.01850,nlin.AO,
875,0.0850,0.1000,2306.13252,physics.flu-dyn,2401.09955,q-fin.PR,
876,0.0850,0.1000,2308.15326,physics.soc-ph,2401.00640,math.PR,
877,0.0850,0.1000,2401.01850,nlin.AO,2402.13378,econ.TH,
878,0.0800,0.0909,1008.3331,cond-mat.stat-mech,2012.11533,eess.SY,
879,0.0800,0.0909,1504.03074,q-fin.PR,1506.01137,q-bio.PE,
880,0.0800,0.0909,1702.01718,math.AP,2401.01850,nlin.AO,
881,0.0800,0.0909,2012.11533,eess.SY,2401.01632,q-bio.PE,
882,0.0800,0.0909,2202.04557,cs.NE,2401.09955,q-fin.PR,
883,0.0800,0.0909,2306.13252,physics.flu-dyn,2401.01850,nlin.AO,
884,0.0800,0.0909,2401.00822,cond-mat.stat-mech,2402.13378,econ.TH,
885,0.0800,0.0909,2401.01632,q-bio.PE,2402.13378,econ.TH,
886,0.0758,0.0833,1406.2405,q-bio.PE,2402.13378,econ.TH,
887,0.0758,0.0833,1506.01137,q-bio.PE,2401.00623,math.AP,
888,0.0758,0.0833,2012.11533,eess.SY,2311.15996,cs.LG,
889,0.0758,0.0833,2202.04557,cs.NE,2401.01850,nlin.AO,
890,0.0758,0.0833,2401.00657,math.OC,2401.01397,physics.soc-ph,
891,0.0758,0.0833,2401.00940,econ.TH,2401.01850,nlin.AO,
892,0.0750,0.0000,1402.1384,cs.IT,2401.00640,math.PR,
893,0.0750,0.0000,1403.3103,math.AP,2008.00245,cond-mat.stat-mech,
894,0.0750,0.0000,1403.3103,math.AP,2401.00688,cs.SI,
895,0.0750,0.0000,1403.3103,math.AP,2401.00948,cond-mat.stat-mech,
896,0.0750,0.0000,1403.3103,math.AP,2401.03776,q-fin.PR,
897,0.0750,0.0000,2008.00245,cond-mat.stat-mech,2012.11533,eess.SY,
898,0.0750,0.0000,2012.11533,eess.SY,2401.00640,math.PR,
899,0.0750,0.0000,2012.11533,eess.SY,2401.00948,cond-mat.stat-mech,
900,0.0750,0.0000,2012.11533,eess.SY,2401.03776,q-fin.PR,
901,0.0750,0.0000,2401.00622,cs.LG,2401.00640,math.PR,
902,0.0750,0.0000,2401.00640,math.PR,2402.13378,econ.TH,
903,0.0750,0.0000,2401.03776,q-fin.PR,2402.13378,econ.TH,
904,0.0723,0.0769,1008.3331,cond-mat.stat-mech,2401.00940,econ.TH,
905,0.0723,0.0769,1506.01137,q-bio.PE,2306.13252,physics.flu-dyn,
906,0.0723,0.0769,2308.15326,physics.soc-ph,2401.09955,q-fin.PR,
907,0.0723,0.0769,2311.15996,cs.LG,2401.00657,math.OC,
908,0.0693,0.0714,2008.00245,cond-mat.stat-mech,2401.00940,econ.TH,
909,0.0693,0.0714,2308.15326,physics.soc-ph,2401.01850,nlin.AO,
910,0.0300,0.0000,1008.3331,cond-mat.stat-mech,1403.3103,math.AP,
911,0.0300,0.0000,1008.3331,cond-mat.stat-mech,2402.13378,econ.TH,
912,0.0300,0.0000,1402.3007,math-ph,1607.07287,cond-mat.stat-mech,
913,0.0300,0.0000,1402.3007,math-ph,2008.00245,cond-mat.stat-mech,
914,0.0300,0.0000,1402.3007,math-ph,2401.00651,cs.SI,
915,0.0300,0.0000,1402.3007,math-ph,2401.00664,math.OC,
916,0.0300,0.0000,1402.3007,math-ph,2401.00688,cs.SI,
917,0.0300,0.0000,1402.3007,math-ph,2401.00839,econ.TH,
918,0.0300,0.0000,1402.3007,math-ph,2401.00948,cond-mat.stat-mech,
919,0.0300,0.0000,1402.3007,math-ph,2401.01171,physics.soc-ph,
920,0.0300,0.0000,1402.3007,math-ph,2401.01632,q-bio.PE,
921,0.0300,0.0000,1402.3007,math-ph,2401.03776,q-fin.PR,
922,0.0300,0.0000,1403.3103,math.AP,1406.2405,q-bio.PE,
923,0.0300,0.0000,1403.3103,math.AP,1506.01137,q-bio.PE,
924,0.0300,0.0000,1403.3103,math.AP,2401.00822,cond-mat.stat-mech,
925,0.0300,0.0000,1403.3103,math.AP,2401.01171,physics.soc-ph,
926,0.0300,0.0000,1403.3103,math.AP,2401.01397,physics.soc-ph,
927,0.0300,0.0000,1403.3103,math.AP,2401.09955,q-fin.PR,
928,0.0300,0.0000,1504.03074,q-fin.PR,2008.00245,cond-mat.stat-mech,
929,0.0300,0.0000,1504.03074,q-fin.PR,2401.00651,cs.SI,
930,0.0300,0.0000,1504.03074,q-fin.PR,2401.00664,math.OC,
931,0.0300,0.0000,1504.03074,q-fin.PR,2401.00688,cs.SI,
932,0.0300,0.0000,1504.03074,q-fin.PR,2401.00948,cond-mat.stat-mech,
933,0.0300,0.0000,1504.03074,q-fin.PR,2401.01171,physics.soc-ph,
934,0.0300,0.0000,1504.03074,q-fin.PR,2401.01632,q-bio.PE,
935,0.0300,0.0000,1506.01137,q-bio.PE,2308.15326,physics.soc-ph,
936,0.0300,0.0000,1506.01137,q-bio.PE,2401.00621,math.AP,
937,0.0300,0.0000,1612.08949,physics.soc-ph,2401.00640,math.PR,
938,0.0300,0.0000,1709.01726,physics.soc-ph,2401.00640,math.PR,
939,0.0300,0.0000,1712.01032,physics.class-ph,2401.00640,math.PR,
940,0.0300,0.0000,1807.11410,nlin.AO,2401.00640,math.PR,
941,0.0300,0.0000,2004.01025,cs.LG,2401.00640,math.PR,
942,0.0300,0.0000,2004.09314,q-bio.PE,2401.00640,math.PR,
943,0.0300,0.0000,2008.00245,cond-mat.stat-mech,2401.00657,math.OC,
944,0.0300,0.0000,2012.11533,eess.SY,2401.00822,cond-mat.stat-mech,
945,0.0300,0.0000,2012.11533,eess.SY,2401.01171,physics.soc-ph,
946,0.0300,0.0000,2202.04557,cs.NE,2401.00640,math.PR,
947,0.0300,0.0000,2208.02457,q-bio.PE,2401.00640,math.PR,
948,0.0300,0.0000,2311.15996,cs.LG,2401.00743,q-bio.PE,
949,0.0300,0.0000,2311.15996,cs.LG,2401.00940,econ.TH,
950,0.0300,0.0000,2401.00621,math.AP,2401.01850,nlin.AO,
951,0.0300,0.0000,2401.00621,math.AP,2401.09955,q-fin.PR,
952,0.0300,0.0000,2401.00623,math.AP,2401.01850,nlin.AO,
953,0.0300,0.0000,2401.00623,math.AP,2401.09955,q-fin.PR,
954,0.0300,0.0000,2401.00625,cs.LG,2401.00640,math.PR,
955,0.0300,0.0000,2401.00640,math.PR,2401.00670,eess.SY,
956,0.0300,0.0000,2401.00640,math.PR,2401.00940,econ.TH,
957,0.0300,0.0000,2401.00651,cs.SI,2401.00743,q-bio.PE,
958,0.0300,0.0000,2401.00657,math.OC,2401.00688,cs.SI,
959,0.0300,0.0000,2401.00657,math.OC,2401.00948,cond-mat.stat-mech,
960,0.0300,0.0000,2401.00671,math.PR,2401.00940,econ.TH,
961,0.0300,0.0000,2401.00671,math.PR,2402.13378,econ.TH,
962,0.0300,0.0000,2401.00743,q-bio.PE,2505.15526,q-fin.GN,
963,0.0300,0.0000,2401.00822,cond-mat.stat-mech,2401.00940,econ.TH,
964,0.0300,0.0000,2401.00940,econ.TH,2401.01171,physics.soc-ph,
965,0.0300,0.0000,2401.00940,econ.TH,2401.03776,q-fin.PR,
966,0.0300,0.0000,2401.01397,physics.soc-ph,2402.13378,econ.TH,
